camera_id,track_id,ground_truth,ocr_result,exact_match,char_error,crop_quality_score,blur_score,brightness_score,contrast_score,ocr_confidence,preprocessing_mode,plate_state,temporal_support,verdict,failure_category
CAM_CAP_COMPARE,1193,DL7CP8161,DL7CP8161,True,,0.79,695.34,151.89,59.45,0.854,original,VERIFIED,16,CORRECT,
CAM_CAP_COMPARE,1401,DL7CP8161,DL7CP8161,True,,0.838,487.22,144.25,64.39,0.79,sharpened,TENTATIVE,2,CORRECT,
CAM_CAP_COMPARE,1411,UP22AT3248,UP72AT3248,False,10% char diff,0.844,627.97,141.75,64.38,0.611,original,TENTATIVE,11,WRONG,ocr_character_error
CAM_CAP_COMPARE,1423,UP16PT8030,UP16PT8030,True,,0.664,485.65,171.79,34.04,0.691,upscaled_2x,TENTATIVE,1,CORRECT,
CAM_CAP_COMPARE,1475,UP14FS3664,UP14FS3664,True,,0.876,813.74,119.9,68.81,0.453,original,LOW_CONFIDENCE,4,CORRECT,
CAM_CAP_COMPARE,1488,UP22AT3248,22AT3248,False,11% char diff,0.785,841.32,146.68,50.56,0.535,original,LOW_CONFIDENCE,3,WRONG,crop_truncation
CAM_CAP_COMPARE,1556,UP16CO5633,UF16OO5633,False,20% char diff,0.84,1853.03,110.88,65.12,0.576,upscaled_3x,TENTATIVE,4,WRONG,ocr_character_error
CAM_CAP_COMPARE,1590,UP14FS3664,UP14ES3664,False,10% char diff,0.869,684.43,116.34,69.48,0.535,upscaled_3x,LOW_CONFIDENCE,1,WRONG,ocr_character_error
CAM_CAP_COMPARE,1591,UP14FS3664,UP14FS3664,True,,0.769,525.33,80.46,67.55,0.83,upscaled_2x,VERIFIED,3,CORRECT,
CAM_CAP_TEST1,2,DL7CP8161,DL7CP8161,True,,0.774,624.19,158.81,56.73,0.841,original,VERIFIED,16,CORRECT,
CAM_CAP_TEST1,3,UP14EA6286,UP14EA6286,True,,0.814,411.39,91.4,72.39,0.732,original,TENTATIVE,1,CORRECT,
CAM_CAP_TEST1,4,DL7CP8161,DL7CP8161,True,,0.816,452.67,146.86,60.03,0.716,original,VERIFIED,3,CORRECT,
CAM_CAP_TEST1,5,(none - indeterminate),UP72I1228,False,,0.853,486.05,102.9,75.29,0.39,original,LOW_CONFIDENCE,3,WRONG,blur_indeterminate
CAM_CAP_TEST1,20,UP22AT3248,UP22AT3248,True,,0.855,552.9,136.17,65.92,0.669,upscaled_2x,TENTATIVE,12,CORRECT,
CAM_CAP_TEST1,32,UP16PT8030,UP16PT8030,True,,0.698,441.43,166.78,40.2,0.68,original,TENTATIVE,1,CORRECT,
CAM_CAP_TEST1,84,UP14FS3664,UP14FS3664,True,,0.847,520.73,105.29,71.99,0.805,original,VERIFIED,19,CORRECT,
CAM_CAP_TEST1,93,UP22AT3248,72AT3248,False,22% char diff,0.769,710.02,149.08,47.49,0.62,original,TENTATIVE,3,WRONG,crop_truncation
CAM_CAP_TEST1,154,UP14FS3664,UP16CO5633,False,60% char diff,0.845,1000.48,121.4,63.84,0.655,upscaled_2x,TENTATIVE,14,WRONG,tracker_false_merge
CAM_CAP_TEST1,208,UP14HF9686,UP14HF9686,True,,0.866,618.51,134.96,67.37,0.834,original,VERIFIED,16,CORRECT,
CAM_CAP_TEST1,226,UP14FS3664,UP14ES3664,False,10% char diff,0.89,402.31,122.78,70.74,0.669,original,TENTATIVE,1,WRONG,ocr_character_error
CAM_CAP_TEST1,255,(none - indeterminate),MPOPEOLE,False,,0.857,365.74,141.48,67.97,0.557,original,TENTATIVE,1,EXCLUDED,indeterminate_ground_truth
CAM_CAP_TEST1,259,UP14HF9686,UP14HF9686,True,,0.849,731.44,141.6,65.65,0.806,upscaled_2x,VERIFIED,7,CORRECT,
CAM_CAP_TEST1,271,UP16BA8695,UP16BA8695,True,,0.862,796.53,120.67,67.04,0.62,original,TENTATIVE,15,CORRECT,
CAM_CAP_TEST1,303,UP16BA8695,UP16BA8695,True,,0.847,702.67,130.27,62.97,0.859,original,VERIFIED,8,CORRECT,
CAM_CAP_TEST1,320,DL2CBB4791,DL2C884791,False,20% char diff,0.841,741.03,125.32,64.94,0.619,upscaled_2x,TENTATIVE,5,WRONG,ocr_character_error
CAM_CAP_TEST1,322,DL2CBB4791,684791,False,50% char diff,0.739,1095.02,157.27,45.03,0.498,original,LOW_CONFIDENCE,1,WRONG,crop_truncation
CAM_CAP_TEST1,335,UP16BA8695,UP16BA8695,True,,0.894,604.82,123.93,70.83,0.943,original,VERIFIED,7,CORRECT,
CAM_CAP_TEST1,339,DL2CBB4791,DL2C88479,False,26% char diff,0.843,733.2,106.68,69.27,0.652,upscaled_2x,TENTATIVE,1,WRONG,ocr_character_error
CAM_CAP_TEST1,341,DL2CBB4791,DL2C86479,False,26% char diff,0.838,632.98,104.77,69.29,0.663,upscaled_2x,TENTATIVE,1,WRONG,ocr_character_error
CAM_CAP_TEST1,346,UP14DX8554,UP14OX8554,False,10% char diff,0.869,480.71,132.38,67.16,0.758,original,VERIFIED,11,WRONG,ocr_character_error
CAM_CAP_TEST1,396,UP14DX8554,UP14OX8554,False,10% char diff,0.832,614.68,143.21,63.76,0.716,upscaled_2x,VERIFIED,9,WRONG,ocr_character_error
CAM_CAP_TEST1,405,(none - indeterminate),7339,False,,0.864,1078.56,140.47,69.32,0.59,upscaled_2x,TENTATIVE,1,EXCLUDED,indeterminate_ground_truth
CAM_CAP_TEST1,409,UP14DX8554,X8554,False,33% char diff,0.89,659.84,131.08,69.87,0.653,upscaled_2x,TENTATIVE,1,WRONG,crop_truncation
CAM_CAP_TEST1,422,UP14DX8554,UP14OX8554,False,10% char diff,0.892,501.13,124.67,69.88,0.706,original,TENTATIVE,1,WRONG,ocr_character_error
CAM_CAP_TEST1,423,UP14DX8554,X8554,False,33% char diff,0.861,610.92,139.84,67.97,0.706,original,TENTATIVE,1,WRONG,crop_truncation
CAM_CAP_TEST1,426,UP14DX8554,UP14OX8554,False,10% char diff,0.868,403.71,116.91,68.72,0.706,original,TENTATIVE,1,WRONG,ocr_character_error
CAM_CAP_TEST1,430,UP16EJ0364,UP16EJ0364,True,,0.854,624.84,139.13,65.58,0.844,original,VERIFIED,28,CORRECT,
CAM_CAP_TEST1,470,UP16EJ0364,J0364,False,33% char diff,0.771,854.09,161.07,57.66,0.797,original,TENTATIVE,2,WRONG,crop_truncation
CAM_CAP_TEST2,700,(none - indeterminate),NUMBERPLATE,False,,0.764,5084.79,124.12,51.05,0.873,original,VERIFIED,7,EXCLUDED,false_positive_plate_detection
CAM_CAP_TEST2,1193,KA02MM9091,KA02MM9091,True,,0.925,17200.84,119.2,85.49,0.656,upscaled_3x,TENTATIVE,26,CORRECT,
